{
	"partitions" : [
		{
			"name" : "Top",
			"pins" : [
				{
					"name" : "tmds_clk_p",
					"strict" : false
				},
				{
					"name" : "tmds_clk_n",
					"strict" : false
				},
				{
					"name" : "tmds_data_p[0]",
					"strict" : false
				},
				{
					"name" : "tmds_data_p[1]",
					"strict" : false
				},
				{
					"name" : "tmds_data_p[2]",
					"strict" : false
				},
				{
					"name" : "tmds_data_n[0]",
					"strict" : false
				},
				{
					"name" : "tmds_data_n[1]",
					"strict" : false
				},
				{
					"name" : "tmds_data_n[2]",
					"strict" : false
				},
				{
					"name" : "clk_out",
					"strict" : false
				},
				{
					"name" : "dac_clk",
					"strict" : false
				},
				{
					"name" : "dac_data[0]",
					"strict" : false
				},
				{
					"name" : "dac_data[1]",
					"strict" : false
				},
				{
					"name" : "dac_data[2]",
					"strict" : false
				},
				{
					"name" : "dac_data[3]",
					"strict" : false
				},
				{
					"name" : "dac_data[4]",
					"strict" : false
				},
				{
					"name" : "dac_data[5]",
					"strict" : false
				},
				{
					"name" : "dac_data[6]",
					"strict" : false
				},
				{
					"name" : "dac_data[7]",
					"strict" : false
				},
				{
					"name" : "i2c_scl",
					"strict" : false
				},
				{
					"name" : "i2c_sda",
					"strict" : false
				},
				{
					"name" : "sys_clk",
					"strict" : false
				},
				{
					"name" : "sys_rst_n",
					"strict" : false
				},
				{
					"name" : "key[0]",
					"strict" : false
				},
				{
					"name" : "key[3]",
					"strict" : false
				},
				{
					"name" : "key[2]",
					"strict" : false
				},
				{
					"name" : "key[1]",
					"strict" : false
				},
				{
					"name" : "clk_test",
					"strict" : false
				}
			]
		}
	]
}